﻿{
  "Dataset": {
    "identifier": "IMG_PORT_LOGI_57",
    "name": "컨테이너 정보 인식",
    "src_path": "원천데이터/Container/Crane/Front",
    "label_path": "원천데이터/Container/Crane/Front",
    "category": "2",
    "type": "1"
  },
  "images": {
    "identifier": "IMG_CON_CRANE_FRONT_A_20210311235149_716043",
    "type": "jpg",
    "filename": "IMG_CON_CRANE_FRONT_A_20210311235149_716043.jpg",
    "width": 1920,
    "height": 1080
  },
  "addinfo": {
    "weather": "1",
    "daynight": "3",
    "area": "A",
    "direction": "Front",
    "location": "QC",
    "anglex": 0,
    "angley": 70,
    "camid": "15",
    "time": "20210311235149",
    "imdg": true,
    "dataregion": "0",
    "biccountofline": 1
  },
  "annotations": [
    {
      "bbox": {
        "id": "BBX_01",
        "classid": "IMDG",
        "points": [
          [
            1271.7150951424007,
            731.9168730974309
          ],
          [
            1393.0590951424006,
            731.9168730974309
          ],
          [
            1393.0590951424006,
            812.8128730974314
          ],
          [
            1271.7150951424007,
            812.8128730974314
          ]
        ]
      }
    },
    {
      "bbox": {
        "id": "BBX_02",
        "classid": "IMDG",
        "points": [
          [
            1057.676055142401,
            712.1772250974315
          ],
          [
            1183.4232551424009,
            712.1772250974315
          ],
          [
            1183.4232551424009,
            802.2892250974314
          ],
          [
            1057.676055142401,
            802.2892250974314
          ]
        ]
      }
    },
    {
      "bbox": {
        "id": "BBX_03",
        "classid": "BIC",
        "text": "TEMU5681094",
        "points": [
          [
            1470.19384765625,
            874.1093139648438
          ],
          [
            1482.4195556640625,
            551.4428100585938
          ],
          [
            1509.2452392578125,
            551.0883178710938
          ],
          [
            1436.9671630859375,
            874.6375732421875
          ]
        ],
        "ocrdirection": "0"
      }
    }
  ]
}