﻿{
  "Dataset": {
    "identifier": "IMG_PORT_LOGI_57",
    "name": "컨테이너 정보 인식",
    "src_path": "원천데이터/Container/Crane/Front",
    "label_path": "원천데이터/Container/Crane/Front",
    "category": "2",
    "type": "1"
  },
  "images": {
    "identifier": "IMG_CON_CRANE_FRONT_A_20210311234557_716043",
    "type": "jpg",
    "filename": "IMG_CON_CRANE_FRONT_A_20210311234557_716043.jpg",
    "width": 1920,
    "height": 1080
  },
  "addinfo": {
    "weather": "1",
    "daynight": "3",
    "area": "A",
    "direction": "Front",
    "location": "QC",
    "anglex": 0,
    "angley": 70,
    "camid": "15",
    "time": "20210311234557",
    "imdg": true,
    "dataregion": "0",
    "biccountofline": 1
  },
  "annotations": [
    {
      "bbox": {
        "id": "BBX_01",
        "classid": "IMDG",
        "points": [
          [
            1233.6884682105263,
            829.5093221052632
          ],
          [
            1344.5063949473683,
            829.5093221052632
          ],
          [
            1344.5063949473683,
            903.6822770526319
          ],
          [
            1233.6884682105263,
            903.6822770526319
          ]
        ]
      }
    },
    {
      "bbox": {
        "id": "BBX_02",
        "classid": "IMDG",
        "points": [
          [
            1315.3670197894737,
            838.3394357894736
          ],
          [
            1421.76988968421,
            838.3394357894736
          ],
          [
            1421.76988968421,
            916.485941894737
          ],
          [
            1315.3670197894737,
            916.485941894737
          ]
        ]
      }
    },
    {
      "bbox": {
        "id": "BBX_03",
        "classid": "BIC",
        "text": "FCIU6496135",
        "points": [
          [
            1447.9136962890625,
            778.50537109375
          ],
          [
            1465.693359375,
            461.80645751953125
          ],
          [
            1486.659423828125,
            460.6737060546875
          ],
          [
            1416.6558837890625,
            780.5418090820312
          ]
        ],
        "ocrdirection": "0"
      }
    }
  ]
}