﻿{
  "Dataset": {
    "identifier": "IMG_PORT_LOGI_57",
    "name": "컨테이너 정보 인식",
    "src_path": "원천데이터/Container/Crane/Front",
    "label_path": "원천데이터/Container/Crane/Front",
    "category": "2",
    "type": "1"
  },
  "images": {
    "identifier": "IMG_CON_CRANE_FRONT_A_20210312015044_716043",
    "type": "jpg",
    "filename": "IMG_CON_CRANE_FRONT_A_20210312015044_716043.jpg",
    "width": 1920,
    "height": 1080
  },
  "addinfo": {
    "weather": "1",
    "daynight": "3",
    "area": "A",
    "direction": "Front",
    "location": "QC",
    "anglex": 0,
    "angley": 70,
    "camid": "15",
    "time": "20210312015044",
    "imdg": false,
    "dataregion": "0",
    "biccountofline": 1
  },
  "annotations": [
    {
      "bbox": {
        "id": "BBX_01",
        "classid": "IMDG",
        "text": "BEAU2661265",
        "points": [
          [
            1318.6041259765625,
            899.078857421875
          ],
          [
            1358.17578125,
            562.1844482421875
          ],
          [
            1380.7930908203125,
            562.9762573242188
          ],
          [
            1346.8641357421875,
            900.0855102539062
          ]
        ],
        "ocrdirection": "0"
      }
    }
  ]
}