﻿{
  "Dataset": {
    "identifier": "IMG_PORT_LOGI_57",
    "name": "컨테이너 정보 인식",
    "src_path": "원천데이터/Container/Crane/Front",
    "label_path": "원천데이터/Container/Crane/Front",
    "category": "2",
    "type": "1"
  },
  "images": {
    "identifier": "IMG_CON_CRANE_FRONT_A_20210311233934_716043",
    "type": "jpg",
    "filename": "IMG_CON_CRANE_FRONT_A_20210311233934_716043.jpg",
    "width": 1920,
    "height": 1080
  },
  "addinfo": {
    "weather": "1",
    "daynight": "3",
    "area": "A",
    "direction": "Front",
    "location": "QC",
    "anglex": 0,
    "angley": 70,
    "camid": "15",
    "time": "20210311233934",
    "imdg": false,
    "dataregion": "0",
    "biccountofline": 1
  },
  "annotations": [
    {
      "bbox": {
        "id": "BBX_01",
        "classid": "BIC",
        "text": "TRHU3772060",
        "points": [
          [
            1440.7940673828125,
            872.2633666992188
          ],
          [
            1489.88623046875,
            556.2814331054688
          ],
          [
            1514.5003662109375,
            555.6103515625
          ],
          [
            1468.9168701171875,
            872.9412231445312
          ]
        ],
        "ocrdirection": "0"
      }
    }
  ]
}