﻿{
  "Dataset": {
    "identifier": "IMG_PORT_LOGI_57",
    "name": "컨테이너 정보 인식",
    "src_path": "원천데이터/Container/Crane/Door",
    "label_path": "원천데이터/Container/Crane/Door",
    "category": "2",
    "type": "1"
  },
  "images": {
    "identifier": "IMG_CON_CRANE_DOOR_A_20210405185846_716068",
    "type": "jpg",
    "filename": "IMG_CON_CRANE_DOOR_A_20210405185846_716068.jpg",
    "width": 1920,
    "height": 1080
  },
  "addinfo": {
    "weather": "0",
    "daynight": "2",
    "area": "A",
    "direction": "Door",
    "location": "QC",
    "anglex": 30,
    "angley": 70,
    "camid": "14",
    "time": "20210405185846",
    "imdg": false,
    "dataregion": "0",
    "biccountofline": 1
  },
  "annotations": [
    {
      "bbox": {
        "id": "BBX_01",
        "classid": "BIC",
        "text": "TCKU1845533",
        "points": [
          [
            652.9713745117188,
            661.1914672851562
          ],
          [
            1021.9149169921875,
            741.556640625
          ],
          [
            1022.6320190429688,
            775.759521484375
          ],
          [
            653.6884765625,
            695.3943481445312
          ]
        ],
        "ocrdirection": "0"
      }
    },
    {
      "bbox": {
        "id": "BBX_02",
        "classid": "TYPESIZE",
        "text": "22G1",
        "points": [
          [
            815.8120727539062,
            738.8219604492188
          ],
          [
            904.7970581054688,
            760.4498291015625
          ],
          [
            906.6548461914062,
            788.7240600585938
          ],
          [
            817.6698608398438,
            767.09619140625
          ]
        ],
        "ocrdirection": "0"
      }
    },
    {
      "bbox": {
        "id": "BBX_03",
        "classid": "DOOR",
        "points": [
          [
            0.09130609870306722,
            358.55601813366195
          ],
          [
            1070.903701870348,
            358.55601813366195
          ],
          [
            1070.903701870348,
            1079.5374899618664
          ],
          [
            0.09130609870306722,
            1079.5374899618664
          ]
        ]
      }
    }
  ]
}