﻿{
  "Dataset": {
    "identifier": "IMG_PORT_LOGI_57",
    "name": "컨테이너 정보 인식",
    "src_path": "원천데이터/Container/Crane/Door",
    "label_path": "원천데이터/Container/Crane/Door",
    "category": "2",
    "type": "1"
  },
  "images": {
    "identifier": "IMG_CON_CRANE_DOOR_A_20210405190016_716068",
    "type": "jpg",
    "filename": "IMG_CON_CRANE_DOOR_A_20210405190016_716068.jpg",
    "width": 1920,
    "height": 1080
  },
  "addinfo": {
    "weather": "0",
    "daynight": "2",
    "area": "A",
    "direction": "Door",
    "location": "QC",
    "anglex": 30,
    "angley": 70,
    "camid": "14",
    "time": "20210405190016",
    "imdg": false,
    "dataregion": "0",
    "biccountofline": 2
  },
  "annotations": [
    {
      "bbox": {
        "id": "BBX_01",
        "classid": "BIC",
        "text": "SKLU",
        "points": [
          [
            646.572265625,
            558.4835815429688
          ],
          [
            777.4990234375,
            588.235595703125
          ],
          [
            778.7325439453125,
            631.6407470703125
          ],
          [
            647.8057861328125,
            601.8887329101562
          ]
        ],
        "ocrdirection": "0"
      }
    },
    {
      "bbox": {
        "id": "BBX_02",
        "classid": "BIC",
        "text": "1603530",
        "points": [
          [
            658.6067504882812,
            606.988037109375
          ],
          [
            975.6456298828125,
            673.5989379882812
          ],
          [
            978.6243896484375,
            723.24755859375
          ],
          [
            661.5855102539062,
            656.6366577148438
          ]
        ],
        "ocrdirection": "0"
      }
    },
    {
      "bbox": {
        "id": "BBX_03",
        "classid": "TYPESIZE",
        "text": "22G1",
        "points": [
          [
            846.7274780273438,
            695.0241088867188
          ],
          [
            933.7225952148438,
            713.174072265625
          ],
          [
            935.8129272460938,
            743.5919799804688
          ],
          [
            848.8178100585938,
            725.4420166015625
          ]
        ],
        "ocrdirection": "0"
      }
    },
    {
      "bbox": {
        "id": "BBX_04",
        "classid": "DOOR",
        "points": [
          [
            0.24179223604294364,
            350.77166370971514
          ],
          [
            1109.224510986043,
            350.77166370971514
          ],
          [
            1109.224510986043,
            1079.539819959715
          ],
          [
            0.24179223604294364,
            1079.539819959715
          ]
        ]
      }
    }
  ]
}