﻿{
  "Dataset": {
    "identifier": "IMG_PORT_LOGI_57",
    "name": "컨테이너 정보 인식",
    "src_path": "원천데이터/Container/Crane/Door",
    "label_path": "원천데이터/Container/Crane/Door",
    "category": "2",
    "type": "1"
  },
  "images": {
    "identifier": "IMG_CON_CRANE_DOOR_A_20210311060022_716048",
    "type": "jpg",
    "filename": "IMG_CON_CRANE_DOOR_A_20210311060022_716048.jpg",
    "width": 1920,
    "height": 1080
  },
  "addinfo": {
    "weather": "1",
    "daynight": "0",
    "area": "A",
    "direction": "Door",
    "location": "QC",
    "anglex": 0,
    "angley": 70,
    "camid": "14",
    "time": "20210311060022",
    "imdg": false,
    "dataregion": "0",
    "biccountofline": 1
  },
  "annotations": [
    {
      "bbox": {
        "id": "BBX_01",
        "classid": "BIC",
        "text": "TCNU4385190",
        "points": [
          [
            1142.5859375,
            673.1202392578125
          ],
          [
            1389.9443359375,
            701.5867919921875
          ],
          [
            1394.1785888671875,
            684.5596923828125
          ],
          [
            1138.3516845703125,
            690.1472778320312
          ]
        ],
        "ocrdirection": "0"
      }
    },
    {
      "bbox": {
        "id": "BBX_02",
        "classid": "TYPESIZE",
        "text": "445G1",
        "points": [
          [
            1246.941162109375,
            694.4734497070312
          ],
          [
            1304.8128662109375,
            710.1455078125
          ],
          [
            1308.09423828125,
            696.8778686523438
          ],
          [
            1243.65966796875,
            707.7410888671875
          ]
        ],
        "ocrdirection": "0"
      }
    },
    {
      "bbox": {
        "id": "BBX_03",
        "classid": "DOOR",
        "points": [
          [
            667.3585377865141,
            586.7780989903256
          ],
          [
            1447.267498783695,
            586.7780989903256
          ],
          [
            1447.267498783695,
            914.0902335634286
          ],
          [
            667.3585377865141,
            914.0902335634286
          ]
        ]
      }
    }
  ]
}