﻿{
  "Dataset": {
    "identifier": "IMG_PORT_LOGI_57",
    "name": "컨테이너 정보 인식",
    "src_path": "원천데이터/Container/Crane/Door",
    "label_path": "원천데이터/Container/Crane/Door",
    "category": "2",
    "type": "1"
  },
  "images": {
    "identifier": "IMG_CON_CRANE_DOOR_A_20210405190241_716068",
    "type": "jpg",
    "filename": "IMG_CON_CRANE_DOOR_A_20210405190241_716068.jpg",
    "width": 1920,
    "height": 1080
  },
  "addinfo": {
    "weather": "0",
    "daynight": "2",
    "area": "A",
    "direction": "Door",
    "location": "QC",
    "anglex": 30,
    "angley": 70,
    "camid": "14",
    "time": "20210405190241",
    "imdg": false,
    "dataregion": "0",
    "biccountofline": 1
  },
  "annotations": [
    {
      "bbox": {
        "id": "BBX_01",
        "classid": "DOOR",
        "points": [
          [
            0,
            319.77284420573733
          ],
          [
            1030.343579075961,
            319.77284420573733
          ],
          [
            1030.343579075961,
            1080.0033359759318
          ],
          [
            0,
            1080.0033359759318
          ]
        ]
      }
    },
    {
      "bbox": {
        "id": "BBX_02",
        "classid": "BIC",
        "text": "DFSU1930176",
        "points": [
          [
            578.259521484375,
            535.2970581054688
          ],
          [
            961.9684448242188,
            612.15771484375
          ],
          [
            965.307861328125,
            651.5859985351562
          ],
          [
            581.5989379882812,
            574.725341796875
          ]
        ],
        "ocrdirection": "0"
      }
    },
    {
      "bbox": {
        "id": "BBX_03",
        "classid": "TYPESIZE",
        "text": "22G1",
        "points": [
          [
            751.45849609375,
            610.9176635742188
          ],
          [
            844.4197998046875,
            633.6348876953125
          ],
          [
            848.050048828125,
            666.9871215820312
          ],
          [
            755.0886840820312,
            644.2698364257812
          ]
        ],
        "ocrdirection": "0"
      }
    }
  ]
}